player,probowls,team,years
Luke Kuechly,5,car,2012-2017
Julio Jones,5,atl,2011-2017
A.J. Green,7,cin,2011-2017
Patrick Peterson,7,crd,2011-2017
Tyron Smith,5,dal,2011-2017
Von Miller,6,den,2011-2017
Geno Atkins,6,cin,2010-2017
Demaryius Thomas,5,den,2010-2017
Eric Berry,5,kan,2010-2017
Rob Gronkowski,5,nwe,2010-2017
Antonio Brown,6,pit,2010-2017
Maurkice Pouncey,6,pit,2010-2017
Earl Thomas,6,sea,2010-2017
Gerald McCoy,6,tam,2010-2017
Trent Williams,6,was,2010-2017
Clay Matthews,6,gnb,2009-2017
Cameron Wake,5,mia,2009-2017
Matt Slater,7,nwe,2008-2017
Ryan Kalil,5,car,2007-2017
Joe Thomas,10,cle,2007-2017
Adrian Peterson,7,min,2007-2017
Marshal Yanda,6,rav,2007-2017
Joe Staley,6,sfo,2007-2017
Calvin Johnson,6,det,2007-2015
Patrick Willis,7,sfo,2007-2014
Kyle Williams,5,buf,2006-2017
Tamba Hali,5,kan,2006-2017
Jahri Evans,6,nor,2006-2017
Haloti Ngata,5,rav,2006-2017
Nick Mangold,7,nyj,2006-2016
Aaron Rodgers,6,gnb,2005-2017
Frank Gore,5,sfo,2005-2017
Larry Fitzgerald,11,crd,2004-2017
Ben Roethlisberger,6,pit,2004-2017
Philip Rivers,7,sdg,2004-2017
Vince Wilfork,5,nwe,2004-2016
Wes Welker,5,nwe,2004-2015
Jason Witten,11,dal,2003-2017
Terrell Suggs,7,rav,2003-2017
Antonio Gates,8,sdg,2003-2017
Robert Mathis,5,clt,2003-2016
Andre Johnson,7,htx,2003-2016
Kevin Williams,6,min,2003-2015
Lance Briggs,7,chi,2003-2014
Troy Polamalu,8,pit,2003-2014
Dwight Freeney,7,clt,2002-2017
James Harrison,5,pit,2002-2017
Andre Gurode,5,dal,2002-2013
Ed Reed,9,rav,2002-2013
Roy Williams,5,dal,2002-2010
Steve Smith,5,car,2001-2016
Reggie Wayne,6,clt,2001-2014
Justin Smith,5,sfo,2001-2014
Adrian Wilson,5,crd,2001-2012
Casey Hampton,5,pit,2001-2012
Chad Johnson,6,cin,2001-2011
LaDainian Tomlinson+,5,sdg,2001-2011
Tom Brady,13,nwe,2000-2017
Shane Lechler,7,rai,2000-2017
Brian Urlacher+,8,chi,2000-2012
Chris Samuels,6,was,2000-2009
Donovan McNabb,6,phi,1999-2011
Torry Holt,7,ram,1999-2009
Al Wilson,5,den,1999-2006
Keith Brooking,5,atl,1998-2012
Matt Birk,6,min,1998-2012
Olin Kreutz,6,chi,1998-2011
Flozell Adams,5,dal,1998-2010
Ronde Barber,5,tam,1997-2012
Jason Taylor+,6,mia,1997-2011
Orlando Pace+,7,ram,1997-2009
Walter Jones+,9,sea,1997-2008
Ray Lewis+,13,rav,1996-2012
Marvin Harrison+,8,clt,1996-2008
Zach Thomas,7,mia,1996-2008
Jonathan Ogden+,11,rav,1996-2007
Mike Alstott,6,tam,1996-2006
Derrick Brooks+,11,tam,1995-2008
Warren Sapp+,7,tam,1995-2007
Tony Boselli,5,jax,1995-2001
Tom Nalen,5,den,1994-2007
Michael Strahan+,7,nyg,1993-2007
Will Shields+,12,kan,1993-2006
Michael Bates,5,car,1993-2003
Jessie Armstead,5,nyg,1993-2003
Troy Vincent,5,phi,1992-2006
Jimmy Smith,5,jax,1992-2005
Darren Woodson,5,dal,1992-2003
Ben Coates,5,nwe,1991-2000
Junior Seau+,12,sdg,1990-2009
Emmitt Smith+,8,dal,1990-2004
Richmond Webb,7,mia,1990-2002
Cortez Kennedy+,8,sea,1990-2000
Wesley Walls,5,car,1989-2003
Steve Wisniewski,8,rai,1989-2001
Troy Aikman+,6,dal,1989-2000
